{"cameraMode":{"drawMode":0,"name":"Shaded","section":"Shading Mode"},"sceneLighting":true,"audioPlay":false,"sceneViewState":{"m_AlwaysRefresh":false,"showFog":true,"showSkybox":false,"showFlares":true,"showImageEffects":true,"showParticleSystems":true,"showVisualEffectGraphs":true,"m_FxEnabled":true},"in2DMode":false,"pivot":{"x":2.6700000762939455,"y":0.42999982833862307,"z":-2.990000009536743},"rotation":{"x":-0.011687200516462326,"y":-0.9664204716682434,"z":0.25284823775291445,"w":-0.044684361666440967},"size":2.490701198577881,"orthographic":false}