{"cameraMode":{"drawMode":0,"name":"Shaded","section":"Shading Mode"},"sceneLighting":true,"audioPlay":false,"sceneViewState":{"m_AlwaysRefresh":false,"showFog":true,"showSkybox":false,"showFlares":true,"showImageEffects":true,"showParticleSystems":true,"showVisualEffectGraphs":true,"m_FxEnabled":true},"in2DMode":false,"pivot":{"x":2.6700000762939455,"y":0.43000006675720217,"z":-2.989999771118164},"rotation":{"x":0.12908117473125459,"y":-0.8558977246284485,"z":0.25720295310020449,"w":0.4297298491001129},"size":3.6554508209228517,"orthographic":false}