{"cameraMode":{"drawMode":0,"name":"Shaded","section":"Shading Mode"},"sceneLighting":true,"audioPlay":false,"sceneViewState":{"m_AlwaysRefresh":false,"showFog":true,"showSkybox":false,"showFlares":true,"showImageEffects":true,"showParticleSystems":true,"showVisualEffectGraphs":true,"m_FxEnabled":true},"in2DMode":false,"pivot":{"x":2.6700000762939455,"y":0.43000006675720217,"z":-2.989999771118164},"rotation":{"x":0.7102848291397095,"y":0.0000014429214161282289,"z":0.000001041222731146263,"w":0.703920304775238},"size":14.549225807189942,"orthographic":false}