{"cameraMode":{"drawMode":0,"name":"Shaded","section":"Shading Mode"},"sceneLighting":true,"audioPlay":false,"sceneViewState":{"m_AlwaysRefresh":false,"showFog":true,"showSkybox":false,"showFlares":true,"showImageEffects":true,"showParticleSystems":true,"showVisualEffectGraphs":true,"m_FxEnabled":true},"in2DMode":false,"pivot":{"x":2.6700000762939455,"y":1.0799999237060547,"z":-2.990000009536743},"rotation":{"x":-0.0005495008663274348,"y":-0.9913783073425293,"z":0.13101992011070252,"w":-0.0041674659587442879},"size":1.6667084693908692,"orthographic":false}